[
    {
        "timestamp": "01-01-2024 18:30",
        "price": 100
    },
    {
        "timestamp": "02-01-2024 19:00",
        "price": 120
    },
    {
        "timestamp": "03-01-2024 19:30",
        "price": 60
    },
    {
        "timestamp": "04-01-2024 20:00",
        "price": 70
    },
    {
        "timestamp": "05-01-2024 20:30",
        "price": 50
    },
    {
        "timestamp": "06-01-2024 20:30",
        "price": 180
    },
    
    { "timestamp": "07-01-2024 07:00", "price": 71 }
]