[
    { "timestamp": "06-01-2024 18:30", "price": 100 },
    { "timestamp": "06-01-2024 19:00", "price": 90 },
    { "timestamp": "06-01-2024 19:30", "price": 92 },
    { "timestamp": "06-01-2024 20:00", "price": 97 },
    { "timestamp": "06-01-2024 20:30", "price": 80 },
    { "timestamp": "06-01-2024 21:00", "price": 70 },
    { "timestamp": "06-01-2024 21:30", "price": 65 },
    { "timestamp": "06-01-2024 22:00", "price": 63 },
    { "timestamp": "06-01-2024 22:30", "price": 60 },
    { "timestamp": "06-01-2024 23:00", "price": 67 },
    { "timestamp": "06-01-2024 23:30", "price": 70 },
    { "timestamp": "07-01-2024 00:00", "price": 90 },
    { "timestamp": "07-01-2024 00:30", "price": 95 },
    { "timestamp": "07-01-2024 00:00", "price": 110 },
    { "timestamp": "07-01-2024 00:30", "price": 115 },
    { "timestamp": "07-01-2024 01:00", "price": 125 },
    { "timestamp": "07-01-2024 01:30", "price": 130 },
    { "timestamp": "07-01-2024 02:00", "price": 135 },
    { "timestamp": "07-01-2024 02:30", "price": 125 },
    { "timestamp": "07-01-2024 03:00", "price": 117 },
    { "timestamp": "07-01-2024 03:30", "price": 104 },
    { "timestamp": "07-01-2024 04:00", "price": 111 },
    { "timestamp": "07-01-2024 04:30", "price": 98 },
    { "timestamp": "07-01-2024 05:00", "price": 99 },
    { "timestamp": "07-01-2024 05:30", "price": 90 },
    { "timestamp": "07-01-2024 06:00", "price": 80 },
    { "timestamp": "07-01-2024 06:30", "price": 75 },
    { "timestamp": "07-01-2024 07:00", "price": 71 }
]