[
    { "timestamp": "07-01-2024 07:00", "price": 102 },
    { "timestamp": "08-01-2024 07:00", "price": 99 },
    { "timestamp": "09-01-2024 07:00", "price": 92 },
    { "timestamp": "10-01-2024 07:00", "price": 80 },
    { "timestamp": "11-01-2024 07:00", "price": 85 },
    { "timestamp": "12-01-2024 07:00", "price": 94 },
    { "timestamp": "13-01-2024 07:00", "price": 99 },
    { "timestamp": "14-01-2024 07:00", "price": 105 },
    { "timestamp": "15-01-2024 07:00", "price": 120 },
    { "timestamp": "16-01-2024 07:00", "price": 130 },
    { "timestamp": "17-01-2024 07:00", "price": 120 },
    { "timestamp": "18-01-2024 07:00", "price": 115 },
    { "timestamp": "19-01-2024 07:00", "price": 108 },
    { "timestamp": "20-01-2024 07:00", "price": 105 },
    { "timestamp": "21-01-2024 07:00", "price": 99 },
    { "timestamp": "22-01-2024 07:00", "price": 88 },
    { "timestamp": "23-01-2024 07:00", "price": 77 },
    { "timestamp": "24-01-2024 07:00", "price": 66 },
    { "timestamp": "25-01-2024 07:00", "price": 55 },
    { "timestamp": "26-01-2024 07:00", "price": 49 },
    { "timestamp": "27-01-2024 07:00", "price": 43 },
    { "timestamp": "28-01-2024 07:00", "price": 40 },
    { "timestamp": "29-01-2024 07:00", "price": 51 },
    { "timestamp": "30-01-2024 07:00", "price": 54 },
    { "timestamp": "31-01-2024 07:00", "price": 55 },
    { "timestamp": "01-02-2024 07:00", "price": 55 },
    { "timestamp": "02-02-2024 07:00", "price": 60 },
    { "timestamp": "03-02-2024 07:00", "price": 68 },
    { "timestamp": "04-02-2024 07:00", "price": 70 },
    { "timestamp": "05-02-2024 07:00", "price": 71 }
]