[
    {
        "name": "Brunon",
        "coins": 75,
        "id": 110
    },
    {
        "name": "Bryan",
        "coins": 85,
        "id": 111
    },
    {
        "name": "Bryce",
        "coins": 44,
        "id": 112
    },
    {
        "name": "Bryden",
        "coins": 39,
        "id": 113
    },
    {
        "name": "Brydon",
        "coins": 94,
        "id": 114
    },
    {
        "name": "Brydon-Craig",
        "coins": 9,
        "id": 115
    },
    {
        "name": "Bryn",
        "coins": 26,
        "id": 116
    },
    {
        "name": "Brynmor",
        "coins": 52,
        "id": 117
    },
    {
        "name": "Bryson",
        "coins": 93,
        "id": 118
    },
    {
        "name": "Buddy",
        "coins": 93,
        "id": 119
    },
    {
        "name": "Bully",
        "coins": 59,
        "id": 120
    },
    {
        "name": "Burak",
        "coins": 74,
        "id": 121
    },
    {
        "name": "Burhan",
        "coins": 15,
        "id": 122
    },
    {
        "name": "Butali",
        "coins": 34,
        "id": 123
    },
    {
        "name": "Butchi",
        "coins": 15,
        "id": 124
    },
    {
        "name": "Byron",
        "coins": 16,
        "id": 125
    },
    {
        "name": "Cabhan",
        "coins": 46,
        "id": 126
    },
    {
        "name": "Cadan",
        "coins": 72,
        "id": 127
    },
    {
        "name": "Cade",
        "coins": 42,
        "id": 128
    },
    {
        "name": "Caden",
        "coins": 88,
        "id": 129
    },
    {
        "name": "Cadon",
        "coins": 9,
        "id": 130
    },
    {
        "name": "Cadyn",
        "coins": 13,
        "id": 131
    },
    {
        "name": "Caedan",
        "coins": 75,
        "id": 132
    },
    {
        "name": "Caedyn",
        "coins": 84,
        "id": 133
    },
    {
        "name": "Cael",
        "coins": 83,
        "id": 134
    },
    {
        "name": "Caelan",
        "coins": 32,
        "id": 135
    },
    {
        "name": "Caelen",
        "coins": 91,
        "id": 136
    },
    {
        "name": "Caethan",
        "coins": 15,
        "id": 137
    },
    {
        "name": "Cahl",
        "coins": 90,
        "id": 138
    },
    {
        "name": "Cahlum",
        "coins": 70,
        "id": 139
    },
    {
        "name": "Cai",
        "coins": 31,
        "id": 140
    },
    {
        "name": "Caidan",
        "coins": 79,
        "id": 141
    },
    {
        "name": "Caiden",
        "coins": 5,
        "id": 142
    },
    {
        "name": "Caiden-Paul",
        "coins": 16,
        "id": 143
    },
    {
        "name": "Caidyn",
        "coins": 48,
        "id": 144
    },
    {
        "name": "Caie",
        "coins": 28,
        "id": 145
    },
    {
        "name": "Cailaen",
        "coins": 29,
        "id": 146
    },
    {
        "name": "Cailean",
        "coins": 36,
        "id": 147
    },
    {
        "name": "Caileb-John",
        "coins": 3,
        "id": 148
    },
    {
        "name": "Cailin",
        "coins": 82,
        "id": 149
    },
    {
        "name": "Cain",
        "coins": 44,
        "id": 150
    },
    {
        "name": "Caine",
        "coins": 99,
        "id": 151
    },
    {
        "name": "Cairn",
        "coins": 6,
        "id": 152
    },
    {
        "name": "Cal",
        "coins": 33,
        "id": 153
    },
    {
        "name": "Calan",
        "coins": 63,
        "id": 154
    },
    {
        "name": "Calder",
        "coins": 67,
        "id": 155
    },
    {
        "name": "Cale",
        "coins": 75,
        "id": 156
    },
    {
        "name": "Calean",
        "coins": 3,
        "id": 157
    },
    {
        "name": "Caleb",
        "coins": 85,
        "id": 158
    },
    {
        "name": "Calen",
        "coins": 51,
        "id": 159
    },
    {
        "name": "Caley",
        "coins": 25,
        "id": 160
    },
    {
        "name": "Calib",
        "coins": 93,
        "id": 161
    },
    {
        "name": "Calin",
        "coins": 88,
        "id": 162
    },
    {
        "name": "Callahan",
        "coins": 39,
        "id": 163
    },
    {
        "name": "Callan",
        "coins": 26,
        "id": 164
    },
    {
        "name": "Callan-Adam",
        "coins": 99,
        "id": 165
    },
    {
        "name": "Calley",
        "coins": 95,
        "id": 166
    },
    {
        "name": "Callie",
        "coins": 74,
        "id": 167
    },
    {
        "name": "Callin",
        "coins": 46,
        "id": 168
    },
    {
        "name": "Callum",
        "coins": 69,
        "id": 169
    },
    {
        "name": "Callun",
        "coins": 38,
        "id": 170
    },
    {
        "name": "Callyn",
        "coins": 44,
        "id": 171
    },
    {
        "name": "Calum",
        "coins": 6,
        "id": 172
    },
    {
        "name": "Calum-James",
        "coins": 9,
        "id": 173
    },
    {
        "name": "Calvin",
        "coins": 52,
        "id": 174
    },
    {
        "name": "Cambell",
        "coins": 54,
        "id": 175
    },
    {
        "name": "Camerin",
        "coins": 46,
        "id": 176
    },
    {
        "name": "Cameron",
        "coins": 70,
        "id": 177
    },
    {
        "name": "Campbel",
        "coins": 78,
        "id": 178
    },
    {
        "name": "Campbell",
        "coins": 36,
        "id": 179
    },
    {
        "name": "Camron",
        "coins": 76,
        "id": 180
    },
    {
        "name": "Caolain",
        "coins": 83,
        "id": 181
    },
    {
        "name": "Caolan",
        "coins": 54,
        "id": 182
    },
    {
        "name": "Carl",
        "coins": 62,
        "id": 183
    },
    {
        "name": "Carlo",
        "coins": 56,
        "id": 184
    },
    {
        "name": "Carlos",
        "coins": 50,
        "id": 185
    },
    {
        "name": "Carrich",
        "coins": 92,
        "id": 186
    },
    {
        "name": "Carrick",
        "coins": 86,
        "id": 187
    },
    {
        "name": "Carson",
        "coins": 92,
        "id": 188
    },
    {
        "name": "Carter",
        "coins": 62,
        "id": 189
    },
    {
        "name": "Carwyn",
        "coins": 73,
        "id": 190
    },
    {
        "name": "Casey",
        "coins": 18,
        "id": 191
    },
    {
        "name": "Casper",
        "coins": 83,
        "id": 192
    },
    {
        "name": "Cassy",
        "coins": 58,
        "id": 193
    },
    {
        "name": "Cathal",
        "coins": 49,
        "id": 194
    },
    {
        "name": "Cator",
        "coins": 89,
        "id": 195
    },
    {
        "name": "Cavan",
        "coins": 81,
        "id": 196
    },
    {
        "name": "Cayden",
        "coins": 87,
        "id": 197
    },
    {
        "name": "Cayden-Robert",
        "coins": 3,
        "id": 198
    },
    {
        "name": "Cayden-Tiamo",
        "coins": 39,
        "id": 199
    },
    {
        "name": "Ceejay",
        "coins": 18,
        "id": 200
    },
    {
        "name": "Ceilan",
        "coins": 49,
        "id": 201
    },
    {
        "name": "Ceiran",
        "coins": 25,
        "id": 202
    },
    {
        "name": "Ceirin",
        "coins": 26,
        "id": 203
    },
    {
        "name": "Ceiron",
        "coins": 92,
        "id": 204
    },
    {
        "name": "Cejay",
        "coins": 47,
        "id": 205
    },
    {
        "name": "Celik",
        "coins": 69,
        "id": 206
    },
    {
        "name": "Cephas",
        "coins": 81,
        "id": 207
    },
    {
        "name": "Cesar",
        "coins": 55,
        "id": 208
    },
    {
        "name": "Cesare",
        "coins": 98,
        "id": 209
    },
    {
        "name": "Chad",
        "coins": 43,
        "id": 210
    },
    {
        "name": "Chaitanya",
        "coins": 37,
        "id": 211
    },
    {
        "name": "Chang-Ha",
        "coins": 87,
        "id": 212
    },
    {
        "name": "Charles",
        "coins": 43,
        "id": 213
    },
    {
        "name": "Charley",
        "coins": 27,
        "id": 214
    },
    {
        "name": "Charlie",
        "coins": 3,
        "id": 215
    },
    {
        "name": "Charly",
        "coins": 29,
        "id": 216
    },
    {
        "name": "Chase",
        "coins": 61,
        "id": 217
    },
    {
        "name": "Che",
        "coins": 50,
        "id": 218
    },
    {
        "name": "Chester",
        "coins": 15,
        "id": 219
    },
    {
        "name": "Chevy",
        "coins": 65,
        "id": 220
    },
    {
        "name": "Chi",
        "coins": 85,
        "id": 221
    },
    {
        "name": "Chibudom",
        "coins": 39,
        "id": 222
    },
    {
        "name": "Chidera",
        "coins": 42,
        "id": 223
    },
    {
        "name": "Chimsom",
        "coins": 56,
        "id": 224
    },
    {
        "name": "Chin",
        "coins": 23,
        "id": 225
    },
    {
        "name": "Chintu",
        "coins": 36,
        "id": 226
    },
    {
        "name": "Chiqal",
        "coins": 1,
        "id": 227
    },
    {
        "name": "Chiron",
        "coins": 97,
        "id": 228
    },
    {
        "name": "Chris",
        "coins": 96,
        "id": 229
    },
    {
        "name": "Chris-Daniel",
        "coins": 16,
        "id": 230
    },
    {
        "name": "Chrismedi",
        "coins": 70,
        "id": 231
    },
    {
        "name": "Christian",
        "coins": 32,
        "id": 232
    },
    {
        "name": "Christie",
        "coins": 86,
        "id": 233
    },
    {
        "name": "Christoph",
        "coins": 47,
        "id": 234
    },
    {
        "name": "Christopher",
        "coins": 58,
        "id": 235
    },
    {
        "name": "Christopher-Lee",
        "coins": 68,
        "id": 236
    },
    {
        "name": "Christy",
        "coins": 48,
        "id": 237
    },
    {
        "name": "Chu",
        "coins": 41,
        "id": 238
    },
    {
        "name": "Chukwuemeka",
        "coins": 66,
        "id": 239
    },
    {
        "name": "Cian",
        "coins": 66,
        "id": 240
    },
    {
        "name": "Ciann",
        "coins": 46,
        "id": 241
    },
    {
        "name": "Ciar",
        "coins": 44,
        "id": 242
    },
    {
        "name": "Ciaran",
        "coins": 53,
        "id": 243
    },
    {
        "name": "Ciarian",
        "coins": 25,
        "id": 244
    },
    {
        "name": "Cieran",
        "coins": 45,
        "id": 245
    },
    {
        "name": "Cillian",
        "coins": 12,
        "id": 246
    },
    {
        "name": "Cillin",
        "coins": 41,
        "id": 247
    },
    {
        "name": "Cinar",
        "coins": 34,
        "id": 248
    },
    {
        "name": "CJ",
        "coins": 40,
        "id": 249
    },
    {
        "name": "C-Jay",
        "coins": 44,
        "id": 250
    },
    {
        "name": "Clark",
        "coins": 20,
        "id": 251
    },
    {
        "name": "Clarke",
        "coins": 98,
        "id": 252
    },
    {
        "name": "Clayton",
        "coins": 63,
        "id": 253
    },
    {
        "name": "Clement",
        "coins": 50,
        "id": 254
    },
    {
        "name": "Clifford",
        "coins": 46,
        "id": 255
    },
    {
        "name": "Clyde",
        "coins": 97,
        "id": 256
    },
    {
        "name": "Cobain",
        "coins": 82,
        "id": 257
    },
    {
        "name": "Coban",
        "coins": 16,
        "id": 258
    },
    {
        "name": "Coben",
        "coins": 38,
        "id": 259
    },
    {
        "name": "Cobi",
        "coins": 96,
        "id": 260
    },
    {
        "name": "Cobie",
        "coins": 74,
        "id": 261
    },
    {
        "name": "Coby",
        "coins": 22,
        "id": 262
    },
    {
        "name": "Codey",
        "coins": 33,
        "id": 263
    },
    {
        "name": "Codi",
        "coins": 72,
        "id": 264
    },
    {
        "name": "Codie",
        "coins": 20,
        "id": 265
    },
    {
        "name": "Cody",
        "coins": 8,
        "id": 266
    },
    {
        "name": "Cody-Lee",
        "coins": 68,
        "id": 267
    },
    {
        "name": "Coel",
        "coins": 3,
        "id": 268
    },
    {
        "name": "Cohan",
        "coins": 18,
        "id": 269
    },
    {
        "name": "Cohen",
        "coins": 53,
        "id": 270
    },
    {
        "name": "Colby",
        "coins": 5,
        "id": 271
    },
    {
        "name": "Cole",
        "coins": 18,
        "id": 272
    },
    {
        "name": "Colin",
        "coins": 21,
        "id": 273
    },
    {
        "name": "Coll",
        "coins": 89,
        "id": 274
    },
    {
        "name": "Colm",
        "coins": 48,
        "id": 275
    },
    {
        "name": "Colt",
        "coins": 20,
        "id": 276
    },
    {
        "name": "Colton",
        "coins": 30,
        "id": 277
    },
    {
        "name": "Colum",
        "coins": 16,
        "id": 278
    },
    {
        "name": "Colvin",
        "coins": 33,
        "id": 279
    },
    {
        "name": "Comghan",
        "coins": 50,
        "id": 280
    },
    {
        "name": "Conal",
        "coins": 42,
        "id": 281
    },
    {
        "name": "Conall",
        "coins": 66,
        "id": 282
    },
    {
        "name": "Conan",
        "coins": 79,
        "id": 283
    },
    {
        "name": "Conar",
        "coins": 92,
        "id": 284
    },
    {
        "name": "Conghaile",
        "coins": 19,
        "id": 285
    },
    {
        "name": "Conlan",
        "coins": 58,
        "id": 286
    },
    {
        "name": "Conley",
        "coins": 66,
        "id": 287
    },
    {
        "name": "Conli",
        "coins": 79,
        "id": 288
    },
    {
        "name": "Conlin",
        "coins": 48,
        "id": 289
    },
    {
        "name": "Conlly",
        "coins": 63,
        "id": 290
    },
    {
        "name": "Conlon",
        "coins": 59,
        "id": 291
    },
    {
        "name": "Conlyn",
        "coins": 57,
        "id": 292
    },
    {
        "name": "Connal",
        "coins": 5,
        "id": 293
    },
    {
        "name": "Connall",
        "coins": 4,
        "id": 294
    },
    {
        "name": "Connan",
        "coins": 66,
        "id": 295
    },
    {
        "name": "Connar",
        "coins": 11,
        "id": 296
    },
    {
        "name": "Connel",
        "coins": 97,
        "id": 297
    },
    {
        "name": "Connell",
        "coins": 35,
        "id": 298
    },
    {
        "name": "Conner",
        "coins": 83,
        "id": 299
    },
    {
        "name": "Connolly",
        "coins": 79,
        "id": 300
    },
    {
        "name": "Connor",
        "coins": 9,
        "id": 301
    },
    {
        "name": "Connor-David",
        "coins": 96,
        "id": 302
    },
    {
        "name": "Conor",
        "coins": 67,
        "id": 303
    },
    {
        "name": "Conrad",
        "coins": 34,
        "id": 304
    },
    {
        "name": "Cooper",
        "coins": 61,
        "id": 305
    },
    {
        "name": "Copeland",
        "coins": 6,
        "id": 306
    },
    {
        "name": "Coray",
        "coins": 83,
        "id": 307
    },
    {
        "name": "Corben",
        "coins": 13,
        "id": 308
    },
    {
        "name": "Corbin",
        "coins": 7,
        "id": 309
    },
    {
        "name": "Corey",
        "coins": 1,
        "id": 310
    },
    {
        "name": "Corey-James",
        "coins": 36,
        "id": 311
    },
    {
        "name": "Corey-Jay",
        "coins": 86,
        "id": 312
    },
    {
        "name": "Cori",
        "coins": 52,
        "id": 313
    },
    {
        "name": "Corie",
        "coins": 92,
        "id": 314
    },
    {
        "name": "Corin",
        "coins": 95,
        "id": 315
    },
    {
        "name": "Cormac",
        "coins": 15,
        "id": 316
    },
    {
        "name": "Cormack",
        "coins": 53,
        "id": 317
    },
    {
        "name": "Cormak",
        "coins": 67,
        "id": 318
    },
    {
        "name": "Corran",
        "coins": 51,
        "id": 319
    },
    {
        "name": "Corrie",
        "coins": 68,
        "id": 320
    },
    {
        "name": "Cory",
        "coins": 15,
        "id": 321
    },
    {
        "name": "Cosmo",
        "coins": 97,
        "id": 322
    },
    {
        "name": "Coupar",
        "coins": 60,
        "id": 323
    },
    {
        "name": "Craig",
        "coins": 86,
        "id": 324
    },
    {
        "name": "Craig-James",
        "coins": 85,
        "id": 325
    },
    {
        "name": "Crawford",
        "coins": 56,
        "id": 326
    },
    {
        "name": "Creag",
        "coins": 32,
        "id": 327
    },
    {
        "name": "Crispin",
        "coins": 29,
        "id": 328
    },
    {
        "name": "Cristian",
        "coins": 37,
        "id": 329
    },
    {
        "name": "Crombie",
        "coins": 73,
        "id": 330
    },
    {
        "name": "Cruiz",
        "coins": 44,
        "id": 331
    },
    {
        "name": "Cruz",
        "coins": 13,
        "id": 332
    },
    {
        "name": "Cuillin",
        "coins": 56,
        "id": 333
    },
    {
        "name": "Cullen",
        "coins": 6,
        "id": 334
    },
    {
        "name": "Cullin",
        "coins": 92,
        "id": 335
    },
    {
        "name": "Curtis",
        "coins": 19,
        "id": 336
    },
    {
        "name": "Cyrus",
        "coins": 97,
        "id": 337
    },
    {
        "name": "Daanyaal",
        "coins": 70,
        "id": 338
    },
    {
        "name": "Daegan",
        "coins": 21,
        "id": 339
    },
    {
        "name": "Daegyu",
        "coins": 41,
        "id": 340
    },
    {
        "name": "Dafydd",
        "coins": 62,
        "id": 341
    },
    {
        "name": "Dagon",
        "coins": 76,
        "id": 342
    },
    {
        "name": "Dailey",
        "coins": 92,
        "id": 343
    },
    {
        "name": "Daimhin",
        "coins": 81,
        "id": 344
    },
    {
        "name": "Daithi",
        "coins": 28,
        "id": 345
    },
    {
        "name": "Dakota",
        "coins": 43,
        "id": 346
    },
    {
        "name": "Daksh",
        "coins": 20,
        "id": 347
    },
    {
        "name": "Dale",
        "coins": 6,
        "id": 348
    },
    {
        "name": "Dalong",
        "coins": 11,
        "id": 349
    },
    {
        "name": "Dalton",
        "coins": 42,
        "id": 350
    },
    {
        "name": "Damian",
        "coins": 30,
        "id": 351
    },
    {
        "name": "Damien",
        "coins": 73,
        "id": 352
    },
    {
        "name": "Damon",
        "coins": 87,
        "id": 353
    },
    {
        "name": "Dan",
        "coins": 17,
        "id": 354
    },
    {
        "name": "Danar",
        "coins": 88,
        "id": 355
    },
    {
        "name": "Dane",
        "coins": 49,
        "id": 356
    },
    {
        "name": "Danial",
        "coins": 59,
        "id": 357
    },
    {
        "name": "Daniel",
        "coins": 74,
        "id": 358
    },
    {
        "name": "Daniele",
        "coins": 69,
        "id": 359
    },
    {
        "name": "Daniel-James",
        "coins": 21,
        "id": 360
    },
    {
        "name": "Daniels",
        "coins": 90,
        "id": 361
    },
    {
        "name": "Daniil",
        "coins": 26,
        "id": 362
    },
    {
        "name": "Danish",
        "coins": 43,
        "id": 363
    },
    {
        "name": "Girish Porwal",
        "coins": 49,
        "id": 364
    },
    {
        "name" : "Mummy ji",
        "coins" : 30,
        "id":1
    },
    {
        "name": "Danniel",
        "coins": 83,
        "id": 365
    },
    {
        "name": "Danny",
        "coins": 90,
        "id": 366
    },
    {
        "name": "Dante",
        "coins": 70,
        "id": 367
    },
    {
        "name": "Danyal",
        "coins": 58,
        "id": 368
    },
    {
        "name": "Danyil",
        "coins": 86,
        "id": 369
    },
    {
        "name": "Danys",
        "coins": 3,
        "id": 370
    },
    {
        "name": "Daood",
        "coins": 54,
        "id": 371
    },
    {
        "name": "Dara",
        "coins": 68,
        "id": 372
    }
]